{"cameraMode":{"drawMode":0,"name":"Shaded","section":"Shading Mode"},"sceneLighting":true,"audioPlay":false,"sceneViewState":{"m_AlwaysRefresh":false,"showFog":true,"showSkybox":true,"showFlares":true,"showImageEffects":true,"showParticleSystems":true,"showVisualEffectGraphs":true,"m_FxEnabled":true},"in2DMode":false,"pivot":{"x":-0.5003366470336914,"y":-1.1519699096679688,"z":-2.2617175579071047},"rotation":{"x":0.7053142786026001,"y":-0.011694851331412793,"z":0.011638659983873368,"w":0.7087045907974243},"size":22.79564666748047,"orthographic":true}